sku,vendor
BGC10,Agra Life
BGC25,Agra Life
BGC50,Agra Life
BGF10,Agra Life
BGF25,Agra Life
BGF50,Agra Life
BGM10,Agra Life
BGM25,Agra Life
BGM50,Agra Life
BGXF10,Agra Life
BGXF25,Agra Life
BGXF50,Agra Life
CAP-CRV-400,CapSpot
CAP-CRV-406,CapSpot
CAP-FLT-200,CapSpot
CAP-FLT-201,CapSpot
CAP-FLT-202,CapSpot
CAP-FLT-203,CapSpot
CAP-FLT-204,CapSpot
CAP-FLT-206,CapSpot
CAP-FLT-207,CapSpot
CordMate-OG,CordMate
CordMate-OG-FBA,CordMate
CordMate-OG-SC,CordMate
CordMate-Pro,CordMate
CordMate-Pro-FBA,CordMate
CordMate-Pro-SC,CordMate
F15,Creative Comp
F20,Creative Comp
C21Trump,Ez Pole
EZAA25,Ez Pole
EZAA25B,Ez Pole
EZAA25BSC,Ez Pole
EZAA25GS,Ez Pole
EZAA25SC,Ez Pole
EZAA30,Ez Pole
EZAA30B,Ez Pole
EZAA30BSC,Ez Pole
EZAA30GS,Ez Pole
EZAA30SC,Ez Pole
EZBackpackVac,Ez Pole
EZC17,Ez Pole
EZC17SC,Ez Pole
EZC21,Ez Pole
EZC21B,Ez Pole
EZC21BSC,Ez Pole
EZC21SC,Ez Pole
EZD17,Ez Pole
EZD17SC,Ez Pole
EZD21,Ez Pole
EZD21B,Ez Pole
EZD21BSC,Ez Pole
EZD21SC,Ez Pole
EZL17,Ez Pole
EZL17SC,Ez Pole
EZL21,Ez Pole
EZL21B,Ez Pole
EZL21BSC,Ez Pole
EZL21SC,Ez Pole
EZRMWF,Ez Pole
EZRMWFSC,Ez Pole
EZTH,Ez Pole
EZTHSC,Ez Pole
EZTHWF,Ez Pole
EZTHWFSC,Ez Pole
EZWandBronze,Ez Pole
EZWandSilver,Ez Pole
RV21C,Ez Pole
RV21D,Ez Pole
TrumpHitchFlag,Ez Pole
EGL1,Gate Latch
EGLAI1,Gate Latch
EGLAI1-FBA,Gate Latch
D3.5-MG,Handozer
6102,Home Selects
6102FBA,Home Selects
6106,Home Selects
Adama-22,Home Selects
Adama-2236,Home Selects
Artus-11,Home Selects
Artus-11 Antique,Home Selects
Artus-11 Brass,Home Selects
Asiana-43,Home Selects
Asiana-943,Home Selects
Deco Mia-53,Home Selects
Deco Mia-953,Home Selects
Dimondi-27,Home Selects
Dimondi-2736,Home Selects
Dimondi-927,Home Selects
Dimondi-92736,Home Selects
Fenestra-24,Home Selects
Fenestra-924,Home Selects
Framington-41,Home Selects
Framington-941,Home Selects
Hawes-23,Home Selects
Hawes-923,Home Selects
Moderna-21,Home Selects
Moderna-2136,Home Selects
Moracca-52,Home Selects
Moracca-952,Home Selects
Oakdale-13,Home Selects
Octavia-51,Home Selects
Octavia-951,Home Selects
Ovala-4236,Home Selects
Ovala-942,Home Selects
Prifma-26,Home Selects
Prifma-2636,Home Selects
Prifma-926,Home Selects
Prifma-92636,Home Selects
Remington-12 Black,Home Selects
Remington-12 white,Home Selects
Rococco-44,Home Selects
Rococco-944,Home Selects
SL12LED,Home Selects
SL12WL,Home Selects
SL14LED,Home Selects
SL16LED,Home Selects
SL16WL,Home Selects
SL18LED,Home Selects
Vanwalt-25,Home Selects
Vanwalt-2536,Home Selects
Vanwalt-925,Home Selects
Vanwalt-92536,Home Selects
WHP20,KMG Products
WHP22,KMG Products
WHP24,KMG Products
WHP26,KMG Products
WHP30,KMG Products
WHP36,KMG Products
BAOS1G,MMR
MMR1G,MMR
MMR1G+32oz,MMR
MMR2G,MMR
MMR32CPK,MMR
MMR32oz,MMR
MMR44SPL,MMR
MMR4G,MMR
MMRG32C,MMR
MMRGCPK,MMR
MMROS1G,MMR
MMROS4G,MMR
DSV,Nisus
DSV1QT,Nisus
Dominant,Nisus
FBA17oz,Nisus
FF18oz,Nisus
MRB4,Nisus
NB4,Nisus
Niban10lb,Nisus
Niban4lbShaker,Nisus
NiborD5lb,Nisus
NiborDplusIGR,Nisus
PenaShield,Nisus
PenaShield FBA,Nisus
PenaShield SC,Nisus
Penashield SC,Nisus
SnakeOut4lb,Nisus
WebOut 1 Gal,Nisus
WebOut 32oz,Nisus
Webout 1 Gal,Nisus
Webout 32oz,Nisus
BeachLTSport-B,ORU Kayaks
InletSport-B,ORU Kayaks
ORU-CFP-4PIECE,ORU Kayaks
ORU-LAKE-B,ORU Kayaks
ORU-PDL-4PIECE,ORU Kayaks
Oru-BayST-B,ORU Kayaks
Oru-BayST-W,ORU Kayaks
Oru-BeachLT-B,ORU Kayaks
Oru-BeachLT-W,ORU Kayaks
Oru-CFP-4Piece,ORU Kayaks
Oru-CoastXT-B,ORU Kayaks
Oru-CoastXT-W,ORU Kayaks
Oru-FGP-4Piece,ORU Kayaks
Oru-HavenTT-B,ORU Kayaks
Oru-HavenTT-W,ORU Kayaks
Oru-Inlet-B,ORU Kayaks
Oru-Inlet-W,ORU Kayaks
Oru-Lake-B,ORU Kayaks
Oru-Lake-W,ORU Kayaks
Oru-LakeSport-B,ORU Kayaks
Oru-LakeSport-W,ORU Kayaks
Oru-Pdl-4Piece,ORU Kayaks
PPS24KIT,Post Proseverative
PPS24Kit,Post Proseverative
PPS24Kit-FBA,Post Proseverative
4430,Post Protector
4442,Post Protector
4442C12,Post Protector
4442S72,Post Protector
4642,Post Protector
4642C8,Post Protector
4660,Post Protector
6630,Post Protector
6642,Post Protector
6642C6,Post Protector
6660,Post Protector
6660C6,Post Protector
8860,Post Protector
PCAP44,Post Protector
PCAP66,Post Protector
SBP99,Post Protector
PW-12PK,Post Wedgies
PW-12pk,Post Wedgies
PW-4PK,Post Wedgies
PW-4pk,Post Wedgies
PW-8PK,Post Wedgies
PW-8pk,Post Wedgies
RE1830FT,Raw Elements
RE1830L,Raw Elements
RE1830LT,Raw Elements
RE1830LTFT,Raw Elements
RE1830LTFTHB,Raw Elements
RE1830S,Raw Elements
RE1830SP,Raw Elements
RE1830T,Raw Elements
RE1930BKS,Raw Elements
RE1930BKT,Raw Elements
RE1930BKTSBG,Raw Elements
RE1930DTP,Raw Elements
RRMTAG,Reach Right
SBox100,Snake Snares
SS100,Snake Snares
SS100SC,Snake Snares
N95L10,Soft Seal
N95M10,Soft Seal
N95MM10,Soft Seal
N95MMV10,Soft Seal
N95VFL3,Soft Seal
N95VFM3,Soft Seal
N95VFS3,Soft Seal
N95VL10,Soft Seal
N95VM10,Soft Seal
N95VXL10,Soft Seal
N95XL10,Soft Seal
123119 (32oz SD),Super Duper
SD1_9SC,Super Duper
SD32FBA,Super Duper
SD32SC,Super Duper
SD8FBA,Super Duper
SD8SC,Super Duper
SuperDuper 140 oz,Super Duper
SuperDuper 8 oz,Super Duper
TS20RE-2P,Torkstrap
TS24HDRE-2P,Torkstrap
TS500-2P,Torkstrap
TS500-4P,Torkstrap
TS500-8P,Torkstrap
TSHD750-2P,Torkstrap
TSHD750-4P,Torkstrap
TSHD750-8P,Torkstrap
TSOR,Torkstrap
MINI+PRO+MAX+XTRA,UPROOT
MINI+PRO+XTRA,UPROOT
UP-CLEANER-XTRA,UPROOT
UPROOT 5X SET,UPROOT
UPROOT MINI+MAX,UPROOT
UPROOT MINI+PRO,UPROOT
UPROOT PRO+XTRA,UPROOT
WS095,Weedshark
WSMM,Weedshark
WSMMT,Weedshark
WSPL,Weedshark
WSPRO,Weedshark
WSRING,Weedshark
11-1-26-32,Zaca
12-1-26-01,Zaca
21-2-26-00,Zaca
21-2-36-00,Zaca
22-2-26-00,Zaca
22-2-36-00,Zaca
23-2-26-00,Zaca
24-2-26-00,Zaca
25-2-26-00,Zaca
26-2-26-00,Zaca
27-2-26-00,Zaca
27-2-36-00,Zaca
44-2-30-00,Zaca
91-0-00-01,Zaca
